GR,s,h,rho,rho_scaled,mean,sd
100,0.05,0.8,5e-08,4.9999999999999996e-06,586.1322645290581,143.9276457457769
50,0.05,0.8,5e-08,2.4999999999999998e-06,542.2645290581162,140.8836362398747
10,0.05,0.8,5e-08,5e-07,497.27054108216436,121.15172270158631
1,0.05,0.8,5e-08,5e-08,502.4909819639279,121.28308938148527
