GR,s,h,rho,rho_scaled,mean,sd
100,0.05,0.5,1e-08,1e-06,432.65130260521045,81.03236160829748
50,0.05,0.5,1e-08,5e-07,426.6933867735471,75.2574708852809
10,0.05,0.5,1e-08,1e-07,422.14228456913827,79.7780417116676
1,0.05,0.5,1e-08,1e-08,421.4428857715431,78.58460667403911
