GR,s,h,rho,rho_scaled,mean,sd
100,0.05,0.2,5e-08,4.9999999999999996e-06,448.13426853707415,123.05123499482252
50,0.05,0.2,5e-08,2.4999999999999998e-06,446.90380761523045,110.9624324317729
10,0.05,0.2,5e-08,5e-07,466.8977955911824,104.20411491592809
1,0.05,0.2,5e-08,5e-08,470.97795591182364,110.27112222434542
