GR,s,h,rho,rho_scaled,mean,sd
100,0.02,0.5,5e-08,4.9999999999999996e-06,866.871743486974,199.5092261235052
50,0.02,0.5,5e-08,2.4999999999999998e-06,877.7895791583167,211.14943083083122
10,0.02,0.5,5e-08,5e-07,843.3587174348697,186.4718869902623
1,0.02,0.5,5e-08,5e-08,843.2204408817636,200.5425059426681
