GR,s,h,rho,rho_scaled,mean,sd
100,0.05,0.5,"0,00000005","0,00000005",437.4609218436874,81.08681930506309
50,0.05,0.5,"0,00000005","0,00000005",427.30861723446895,81.48048369261755
10,0.05,0.5,"0,00000005","0,00000005",419.03406813627254,80.01257959381383
1,0.05,0.5,"0,00000005","0,00000005",417.3787575150301,74.99495852974941
