GR,s,h,rho,rho_scaled,mean,sd
100,0.05,0.5,1e-07,9.999999999999999e-06,435.3787575150301,82.61965176087145
50,0.05,0.5,1e-07,4.9999999999999996e-06,416.937875751503,74.3821549040445
10,0.05,0.5,1e-07,1e-06,417.07014028056113,73.65310727338296
1,0.05,0.5,1e-07,1e-07,417.4188376753507,76.27475518785737
