GR,s,h,rho,rho_scaled,mean,sd
100,0.05,0.5,5e-08,4.9999999999999996e-06,430.25250501002006,84.94203296717036
50,0.05,0.5,5e-08,2.4999999999999998e-06,418.87374749498997,77.7049698639062
10,0.05,0.5,5e-08,5e-07,414.32064128256513,72.32127530843557
1,0.05,0.5,5e-08,5e-08,418.7995991983968,76.49739423758328
