GR,s,h,rho,rho_scaled,mean,sd
100,0.1,0.5,5e-08,4.9999999999999996e-06,261.60921843687373,44.84208789270062
50,0.1,0.5,5e-08,2.4999999999999998e-06,245.2825651302605,41.08867769070635
10,0.1,0.5,5e-08,5e-07,243.45891783567134,38.97733632019681
1,0.1,0.5,5e-08,5e-08,240.90380761523045,37.72760600076897
